id_car,img_url
1,https://imgur.com/a/P1XrFqo
2,https://imgur.com/47b0RL8
3,https://imgur.com/vsXNcyK
4,https://imgur.com/Met4jX9
5,https://imgur.com/QeV2TQR
6,https://imgur.com/q1FOiJD
7,https://imgur.com/WN6EFVP
8,https://imgur.com/MdLqO1g
9,https://imgur.com/GoF4Pia
10,https://imgur.com/iKuuemA
11,https://imgur.com/xB2RiHA
12,https://imgur.com/U6VhBdL
13,https://imgur.com/ccvYujF
14,https://imgur.com/ti1qe4l
15,https://imgur.com/QDt00JD
16,https://imgur.com/undefined
17,https://imgur.com/Fc6aYvg
18,https://imgur.com/0W7l8Iy
19,https://imgur.com/vmT3YUR
20,https://imgur.com/crDLhFg
21,https://imgur.com/cFFibyc
22,https://imgur.com/LzcCeVE
23,https://imgur.com/0T4RLnq
24,https://imgur.com/undefined
25,https://imgur.com/sKCGysE
26,https://imgur.com/kQDD60M
27,https://imgur.com/HvWQ8h7
28,https://imgur.com/AeqvcHA
29,https://imgur.com/L4BR51n
30,https://imgur.com/MSS2QRS
31,https://imgur.com/MkLnHeY
32,https://imgur.com/f67NF04
33,https://imgur.com/XENKeAj
34,https://imgur.com/JBvBld9
35,https://imgur.com/XBk1lUx
36,https://imgur.com/TFT2djI
37,https://imgur.com/th8Pm2Y
38,https://imgur.com/ImDAW8C
39,https://imgur.com/GF5BE4u
40,https://imgur.com/sWPfThj
41,https://imgur.com/jxvooQv
42,https://imgur.com/H1W88ze
43,https://imgur.com/rZAQtVf
44,https://imgur.com/jrrbDMA
45,https://imgur.com/xwrMnnD
46,https://imgur.com/eVus5Oc
47,https://imgur.com/562kJVC
48,https://imgur.com/InQOa2C
49,https://imgur.com/OnsyY87
50,https://imgur.com/NW3vYs3
51,https://imgur.com/rZAQtVf
52,https://imgur.com/M3CzRnK
53,https://imgur.com/sOFLwzt
54,https://imgur.com/96GlWtU
55,https://imgur.com/IamSKDh
56,https://imgur.com/UZeZWkH
57,https://imgur.com/TgNqtqe
58,https://imgur.com/UxxaKhX
59,https://imgur.com/TBQ2T2z
60,https://imgur.com/bKcZqW2
61,https://imgur.com/tnNUzUI
62,https://imgur.com/SZq74yx
63,https://imgur.com/MdBkDvV
64,https://imgur.com/RyWFe0V
65,https://imgur.com/N0VL7bT
66,https://imgur.com/d1ceZGc
67,https://imgur.com/uvnTXV9
68,https://imgur.com/6Dnq0Bx
69,https://imgur.com/XETlil2
70,https://imgur.com/DBtKGWV
71,https://imgur.com/zp48PGv
72,https://imgur.com/Lj8OopD
73,https://imgur.com/YuCgSND
74,https://imgur.com/haTJ1Pw
75,https://imgur.com/7paTVTD
76,https://imgur.com/S2KeGpD
77,https://imgur.com/4ob2iFu
78,https://imgur.com/B7ObE0B
79,https://imgur.com/aJGu4JW
80,https://imgur.com/eDvj0WX
81,https://imgur.com/fcujkMC
82,https://imgur.com/xpUSZD4
83,https://imgur.com/FtulfrI
84,https://imgur.com/xhk0QWi
85,https://imgur.com/undefined
86,https://imgur.com/h9vOTME
87,https://imgur.com/6Dnq0Bx
88,https://imgur.com/NZp5RuT
89,https://imgur.com/Kg5obvQ
90,https://imgur.com/YRujs0R
91,https://imgur.com/wdVHamD
92,https://imgur.com/JHILX6B
93,https://imgur.com/a4NEmXY
94,https://imgur.com/nwEQKhk
95,https://imgur.com/Vo2KgWW
96,https://imgur.com/Lm7pq32
97,https://imgur.com/a4NEmXY
98,https://imgur.com/N1BMqsY
99,https://imgur.com/nwEQKhk
100,https://imgur.com/wdVHamD
101,https://imgur.com/nwEQKhk
102,https://imgur.com/nwEQKhk
103,https://imgur.com/N1BMqsY
